날짜,방송시간,방송상품명,상품카테고리,제작자,론칭여부,난이도
2026-06-01,06:00,[산지직송] 제주 하우스 감귤 세트,식품,김미디어,X,하
2026-06-01,07:00,[정관장] 홍삼정 에브리타임 밸런스,건강기능식품,이아트,O,중
2026-06-01,08:00,[다이슨] 에어랩 멀티 스타일러,뷰티,박디자인,O,상
2026-06-01,09:00,[까사미아] 패브릭 소파 4인용,리빙,최그래픽,O,중
2026-06-01,10:00,[LG] 오브제컬렉션 워시타워,가전,김미디어,O,하
2026-06-01,11:00,[크리스티안] 이태리 천연가죽 로퍼,패션,이아트,O,상
2026-06-01,12:00,[풀무원] 바른먹거리 생생 국수 세트,식품,박디자인,O,하
2026-06-01,13:00,[종근당] 락토핏 골드 6통 세트,건강기능식품,최그래픽,O,중
2026-06-01,14:00,[조성아] 대용량 기미 크림 세트,뷰티,김미디어,O,상
2026-06-01,15:00,[보루네오] 유로탑 멀티 수납 침대,리빙,이아트,O,중
2026-06-01,16:00,[쿠쿠] 트윈프레셔 6인용 압력밥솥,가전,박디자인,O,하
2026-06-01,17:00,[단독] 프리미엄 린넨 원피스 3종,패션,최그래픽,O,상
2026-06-01,18:00,[국내산] 영광 법성포 굴비 세트,식품,김미디어,O,하
2026-06-01,19:00,[여에스더] 글루타치온 필름 4박스,건강기능식품,이아트,O,중
2026-06-01,20:00,[헤드스파] 트리트먼트 단독 패키지,뷰티,박디자인,O,상
2026-06-01,21:00,[테팔] 매직핸즈 인덕션 프라이팬 6p,리빙,최그래픽,O,중
2026-06-01,22:00,[에브리봇] 쓰리 spin 로봇청소기,가전,김미디어,O,하
2026-06-01,23:00,[에스콰이아] 올인원 메모리폼 스니커즈,패션,이아트,O,상
2026-06-01,00:00,[비비고] 왕교자+볶음밥 실속 세트,식품,박디자인,O,하
2026-06-01,01:00,[고려은단] 비타민C 1000 300정,건강기능식품,최그래픽,O,중
2026-06-01,02:00,[가히] 멀티밤 링크업 더블 세트,뷰티,김미디어,O,상
2026-06-01,03:00,[한샘] 샘책장 5단 인테리어 세트,리빙,이아트,O,중
2026-06-02,06:00,[삼성] 비스포크 무풍 에어컨 2026,가전,박디자인,O,하
2026-06-02,07:00,[심야특가] 남성 쿨에어 드로즈 5종,패션,최그래픽,O,상
2026-06-02,08:00,[안동한우] 1등급 정육 세트 2kg,식품,김미디어,O,하
2026-06-02,09:00,[정관장] 화애락 진 30포,건강기능식품,이아트,O,중
2026-06-02,10:00,[AHC] 아이크림 시즌12 트리플 세트,뷰티,박디자인,O,상
2026-06-02,11:00,[해피콜] 다이아몬드 프라이팬 세트,리빙,최그래픽,O,중
2026-06-02,12:00,[위NIA] 딤채 스탠드형 김치냉장고,가전,김미디어,O,하
2026-06-02,13:00,[헤드] 에어로 드라이 남녀 트랙수트,패션,이아트,O,상
2026-06-02,14:00,[목우촌] 수제 햄 명절 선물세트,식품,박디자인,O,하
2026-06-02,15:00,[센트룸] 멀티 비타민 포 맨/우먼,건강기능식품,최그래픽,O,중
2026-06-02,16:00,[설화수] 자음 2인 기초 세트,뷰티,김미디어,O,상
2026-06-02,17:00,[파크론] 고밀도 PVC 주방매트 2+1,리빙,이아트,O,중
2026-06-02,18:00,[신일] 에어 서큘레이터 스탠드형,가전,박디자인,O,하
2026-06-02,19:00,[지오지아] 쿨 비즈니스 셔츠 3매,패션,최그래픽,O,상
2026-06-02,20:00,[하림] 닭가슴살 캔 + 훈제 세트,식품,김미디어,O,하
2026-06-02,21:00,[뉴트리원] 루테인 지아잔틴 169,건강기능식품,이아트,O,중
2026-06-02,22:00,[동국제약] 마데카 크림 시즌6 세트,뷰티,박디자인,O,상
2026-06-02,23:00,[스위스밀리터리] 28인치 캐리어,리빙,최그래픽,O,중
2026-06-02,00:00,[캐리어] 벽걸이 에어컨 인버터,가전,김미디어,O,하
2026-06-02,01:00,[뱅뱅] 데님 팬츠 3종 패키지,패션,이아트,O,상
2026-06-02,02:00,[나주배] 고당도 프리미엄 배 세트,식품,박디자인,O,하
2026-06-02,03:00,[프롬바이오] 관절연골엔 보스웰리아,건강기능식품,최그래픽,O,중
2026-06-03,06:00,[라네즈] 네오쿠션 본품+리필 세트,뷰티,김미디어,O,상
2026-06-03,07:00,[시몬스] 뷰티레스트 매트리스 토퍼,리빙,이아트,O,중
2026-06-03,08:00,[아이로봇] 로봇청소기 룸바,가전,박디자인,O,하
2026-06-03,09:00,[원플원] 풍기인견 여성 이지웨어,패션,최그래픽,O,상
2026-06-03,10:00,[산지직송] 제주 하우스 감귤 세트,식품,김미디어,O,하
2026-06-03,11:00,[정관장] 홍삼정 에브리타임 밸런스,건강기능식품,이아트,O,중
2026-06-03,12:00,[다이슨] 에어랩 멀티 스타일러,뷰티,박디자인,O,상
2026-06-03,13:00,[까사미아] 패브릭 소파 4인용,리빙,최그래픽,O,중
2026-06-03,14:00,[LG] 오브제컬렉션 워시타워,가전,김미디어,O,하
2026-06-03,15:00,[크리스티안] 이태리 천연가죽 로퍼,패션,이아트,O,상
2026-06-03,16:00,[풀무원] 바른먹거리 생생 국수 세트,식품,박디자인,O,하
2026-06-03,17:00,[종근당] 락토핏 골드 6통 세트,건강기능식품,최그래픽,O,중
2026-06-03,18:00,[조성아] 대용량 기미 크림 세트,뷰티,김미디어,O,상
2026-06-03,19:00,[보루네오] 유로탑 멀티 수납 침대,리빙,이아트,O,중
2026-06-03,20:00,[쿠쿠] 트윈프레셔 6인용 압력밥솥,가전,박디자인,O,하
2026-06-03,21:00,[단독] 프리미엄 린넨 원피스 3종,패션,최그래픽,O,상
2026-06-03,22:00,[국내산] 영광 법성포 굴비 세트,식품,김미디어,O,하
2026-06-03,23:00,[여에스더] 글루타치온 필름 4박스,건강기능식품,이아트,O,중
2026-06-03,00:00,[헤드스파] 트리트먼트 단독 패키지,뷰티,박디자인,O,상
2026-06-03,01:00,[테팔] 매직핸즈 인덕션 프라이팬 6p,리빙,최그래픽,O,중
2026-06-03,02:00,[에브리봇] 쓰리 spin 로봇청소기,가전,김미디어,O,하
2026-06-03,03:00,[에스콰이아] 올인원 메모리폼 스니커즈,패션,이아트,O,상
2026-06-04,06:00,[비비고] 왕교자+볶음밥 실속 세트,식품,박디자인,O,하
2026-06-04,07:00,[고려은단] 비타민C 1000 300정,건강기능식품,최그래픽,O,중
2026-06-04,08:00,[가히] 멀티밤 링크업 더블 세트,뷰티,김미디어,O,상
2026-06-04,09:00,[한샘] 샘책장 5단 인테리어 세트,리빙,이아트,O,중
2026-06-04,10:00,[삼성] 비스포크 무풍 에어컨 2026,가전,박디자인,O,하
2026-06-04,11:00,[심야특가] 남성 쿨에어 드로즈 5종,패션,최그래픽,O,상
2026-06-04,12:00,[안동한우] 1등급 정육 세트 2kg,식품,김미디어,O,하
2026-06-04,13:00,[정관장] 화애락 진 30포,건강기능식품,이아트,O,중
2026-06-04,14:00,[AHC] 아이크림 시즌12 트리플 세트,뷰티,박디자인,O,상
2026-06-04,15:00,[해피콜] 다이아몬드 프라이팬 세트,리빙,최그래픽,O,중
2026-06-04,16:00,[위NIA] 딤채 스탠드형 김치냉장고,가전,김미디어,O,하
2026-06-04,17:00,[헤드] 에어로 드라이 남녀 트랙수트,패션,이아트,O,상
2026-06-04,18:00,[목우촌] 수제 햄 명절 선물세트,식품,박디자인,O,하
2026-06-04,19:00,[센트룸] 멀티 비타민 포 맨/우먼,건강기능식품,최그래픽,O,중
2026-06-04,20:00,[설화수] 자음 2인 기초 세트,뷰티,김미디어,O,상
2026-06-04,21:00,[파크론] 고밀도 PVC 주방매트 2+1,리빙,이아트,O,중
2026-06-04,22:00,[신일] 에어 서큘레이터 스탠드형,가전,박디자인,O,하
2026-06-04,23:00,[지오지아] 쿨 비즈니스 셔츠 3매,패션,최그래픽,O,상
2026-06-04,00:00,[하림] 닭가슴살 캔 + 훈제 세트,식품,김미디어,O,하
2026-06-04,01:00,[뉴트리원] 루테인 지아잔틴 169,건강기능식품,이아트,O,중
2026-06-04,02:00,[동국제약] 마데카 크림 시즌6 세트,뷰티,박디자인,O,상
2026-06-04,03:00,[스위스밀리터리] 28인치 캐리어,리빙,최그래픽,O,중
2026-06-05,06:00,[캐리어] 벽걸이 에어컨 인버터,가전,김미디어,O,하
2026-06-05,07:00,[뱅뱅] 데님 팬츠 3종 패키지,패션,이아트,O,상
2026-06-05,08:00,[나주배] 고당도 프리미엄 배 세트,식품,박디자인,O,하
2026-06-05,09:00,[프롬바이오] 관절연골엔 보스웰리아,건강기능식품,최그래픽,O,중
2026-06-05,10:00,[라네즈] 네오쿠션 본품+리필 세트,뷰티,김미디어,O,상
2026-06-05,11:00,[시몬스] 뷰티레스트 매트리스 토퍼,리빙,이아트,O,중
2026-06-05,12:00,[아이로봇] 로봇청소기 룸바,가전,박디자인,O,하
2026-06-05,13:00,[원플원] 풍기인견 여성 이지웨어,패션,최그래픽,O,상
2026-06-05,14:00,[산지직송] 제주 하우스 감귤 세트,식품,김미디어,O,하
2026-06-05,15:00,[정관장] 홍삼정 에브리타임 밸런스,건강기능식품,이아트,O,중
2026-06-05,16:00,[다이슨] 에어랩 멀티 스타일러,뷰티,박디자인,O,상
2026-06-05,17:00,[까사미아] 패브릭 소파 4인용,리빙,최그래픽,O,중
2026-06-05,18:00,[LG] 오브제컬렉션 워시타워,가전,김미디어,O,하
2026-06-05,19:00,[크리스티안] 이태리 천연가죽 로퍼,패션,이아트,O,상
2026-06-05,20:00,[풀무원] 바른먹거리 생생 국수 세트,식품,박디자인,O,하
2026-06-05,21:00,[종근당] 락토핏 골드 6통 세트,건강기능식품,최그래픽,O,중
2026-06-05,22:00,[조성아] 대용량 기미 크림 세트,뷰티,김미디어,O,상
2026-06-05,23:00,[보루네오] 유로탑 멀티 수납 침대,리빙,이아트,O,중
2026-06-05,00:00,[쿠쿠] 트윈프레셔 6인용 압력밥솥,가전,박디자인,O,하
2026-06-05,01:00,[단독] 프리미엄 린넨 원피스 3종,패션,최그래픽,O,상
2026-06-05,02:00,[국내산] 영광 법성포 굴비 세트,식품,김미디어,O,하
2026-06-05,03:00,[여에스더] 글루타치온 필름 4박스,건강기능식품,이아트,O,중
2026-06-06,06:00,[헤드스파] 트리트먼트 단독 패키지,뷰티,박디자인,O,상
2026-06-06,07:00,[테팔] 매직핸즈 인덕션 프라이팬 6p,리빙,최그래픽,O,중
2026-06-06,08:00,[에브리봇] 쓰리 spin 로봇청소기,가전,김미디어,O,하
2026-06-06,09:00,[에스콰이아] 올인원 메모리폼 스니커즈,패션,이아트,O,상
2026-06-06,10:00,[비비고] 왕교자+볶음밥 실속 세트,식품,박디자인,O,하
2026-06-06,11:00,[고려은단] 비타민C 1000 300정,건강기능식품,최그래픽,O,중
2026-06-06,12:00,[가히] 멀티밤 링크업 더블 세트,뷰티,김미디어,O,상
2026-06-06,13:00,[한샘] 샘책장 5단 인테리어 세트,리빙,이아트,O,중
2026-06-06,14:00,[삼성] 비스포크 무풍 에어컨 2026,가전,박디자인,O,하
2026-06-06,15:00,[심야특가] 남성 쿨에어 드로즈 5종,패션,최그래픽,O,상
2026-06-06,16:00,[안동한우] 1등급 정육 세트 2kg,식품,김미디어,O,하
2026-06-06,17:00,[정관장] 화애락 진 30포,건강기능식품,이아트,O,중
2026-06-06,18:00,[AHC] 아이크림 시즌12 트리플 세트,뷰티,박디자인,O,상
2026-06-06,19:00,[해피콜] 다이아몬드 프라이팬 세트,리빙,최그래픽,O,중
2026-06-06,20:00,[위NIA] 딤채 스탠드형 김치냉장고,가전,김미디어,O,하
2026-06-06,21:00,[헤드] 에어로 드라이 남녀 트랙수트,패션,이아트,O,상
2026-06-06,22:00,[목우촌] 수제 햄 명절 선물세트,식품,박디자인,O,하
2026-06-06,23:00,[센트룸] 멀티 비타민 포 맨/우먼,건강기능식품,최그래픽,O,중
2026-06-06,00:00,[설화수] 자음 2인 기초 세트,뷰티,김미디어,O,상
2026-06-06,01:00,[파크론] 고밀도 PVC 주방매트 2+1,리빙,이아트,O,중
2026-06-06,02:00,[신일] 에어 서큘레이터 스탠드형,가전,박디자인,O,하
2026-06-06,03:00,[지오지아] 쿨 비즈니스 셔츠 3매,패션,최그래픽,O,상
2026-06-07,06:00,[하림] 닭가슴살 캔 + 훈제 세트,식품,김미디어,O,하
2026-06-07,07:00,[뉴트리원] 루테인 지아잔틴 169,건강기능식품,이아트,O,중
2026-06-07,08:00,[동국제약] 마데카 크림 시즌6 세트,뷰티,박디자인,O,상
2026-06-07,09:00,[스위스밀리터리] 28인치 캐리어,리빙,최그래픽,O,중
2026-06-07,10:00,[캐리어] 벽걸이 에어컨 인버터,가전,김미디어,O,하
2026-06-07,11:00,[뱅뱅] 데님 팬츠 3종 패키지,패션,이아트,O,상
2026-06-07,12:00,[나주배] 고당도 프리미엄 배 세트,식품,박디자인,O,하
2026-06-07,13:00,[프롬바이오] 관절연골엔 보스웰리아,건강기능식품,최그래픽,O,중
2026-06-07,14:00,[라네즈] 네오쿠션 본품+리필 세트,뷰티,김미디어,O,상
2026-06-07,15:00,[시몬스] 뷰티레스트 매트리스 토퍼,리빙,이아트,O,중
2026-06-07,16:00,[아이로봇] 로봇청소기 룸바,가전,박디자인,O,하
2026-06-07,17:00,[원플원] 풍기인견 여성 이지웨어,패션,최그래픽,O,상
2026-06-07,18:00,[산지직송] 제주 하우스 감귤 세트,식품,김미디어,O,하
2026-06-07,19:00,[정관장] 홍삼정 에브리타임 밸런스,건강기능식품,이아트,O,중
2026-06-07,20:00,[다이슨] 에어랩 멀티 스타일러,뷰티,박디자인,O,상
2026-06-07,21:00,[까사미아] 패브릭 소파 4인용,리빙,최그래픽,O,중
2026-06-07,22:00,[LG] 오브제컬렉션 워시타워,가전,김미디어,O,하
2026-06-07,23:00,[크리스티안] 이태리 천연가죽 로퍼,패션,이아트,O,상
2026-06-07,00:00,[풀무원] 바른먹거리 생생 국수 세트,식품,박디자인,O,하
2026-06-07,01:00,[종근당] 락토핏 골드 6통 세트,건강기능식품,최그래픽,O,중
2026-06-07,02:00,[조성아] 대용량 기미 크림 세트,뷰티,김미디어,O,상
2026-06-07,03:00,[보루네오] 유로탑 멀티 수납 침대,리빙,이아트,O,중
2026-06-08,06:00,[쿠쿠] 트윈프레셔 6인용 압력밥솥,가전,박디자인,O,하
2026-06-08,07:00,[단독] 프리미엄 린넨 원피스 3종,패션,최그래픽,O,상
2026-06-08,08:00,[국내산] 영광 법성포 굴비 세트,식품,김미디어,O,하
2026-06-08,09:00,[여에스더] 글루타치온 필름 4박스,건강기능식품,이아트,O,중
2026-06-08,10:00,[헤드스파] 트리트먼트 단독 패키지,뷰티,박디자인,O,상
2026-06-08,11:00,[테팔] 매직핸즈 인덕션 프라이팬 6p,리빙,최그래픽,O,중
2026-06-08,12:00,[에브리봇] 쓰리 spin 로봇청소기,가전,김미디어,O,하
2026-06-08,13:00,[에스콰이아] 올인원 메모리폼 스니커즈,패션,이아트,O,상
2026-06-08,14:00,[비비고] 왕교자+볶음밥 실속 세트,식품,박디자인,O,하
2026-06-08,15:00,[고려은단] 비타민C 1000 300정,건강기능식품,최그래픽,O,중
2026-06-08,16:00,[가히] 멀티밤 링크업 더블 세트,뷰티,김미디어,O,상
2026-06-08,17:00,[한샘] 샘책장 5단 인테리어 세트,리빙,이아트,O,중
2026-06-08,18:00,[삼성] 비스포크 무풍 에어컨 2026,가전,박디자인,O,하
2026-06-08,19:00,[심야특가] 남성 쿨에어 드로즈 5종,패션,최그래픽,O,상
2026-06-08,20:00,[안동한우] 1등급 정육 세트 2kg,식품,김미디어,O,하
2026-06-08,21:00,[정관장] 화애락 진 30포,건강기능식품,이아트,O,중
2026-06-08,22:00,[AHC] 아이크림 시즌12 트리플 세트,뷰티,박디자인,O,상
2026-06-08,23:00,[해피콜] 다이아몬드 프라이팬 세트,리빙,최그래픽,O,중
2026-06-08,00:00,[위NIA] 딤채 스탠드형 김치냉장고,가전,김미디어,O,하
2026-06-08,01:00,[헤드] 에어로 드라이 남녀 트랙수트,패션,이아트,O,상
2026-06-08,02:00,[목우촌] 수제 햄 명절 선물세트,식품,박디자인,O,하
2026-06-08,03:00,[센트룸] 멀티 비타민 포 맨/우먼,건강기능식품,최그래픽,O,중
2026-06-09,06:00,[설화수] 자음 2인 기초 세트,뷰티,김미디어,O,상
2026-06-09,07:00,[파크론] 고밀도 PVC 주방매트 2+1,리빙,이아트,O,중
2026-06-09,08:00,[신일] 에어 서큘레이터 스탠드형,가전,박디자인,O,하
2026-06-09,09:00,[지오지아] 쿨 비즈니스 셔츠 3매,패션,최그래픽,O,상
2026-06-09,10:00,[하림] 닭가슴살 캔 + 훈제 세트,식품,김미디어,O,하
2026-06-09,11:00,[뉴트리원] 루테인 지아잔틴 169,건강기능식품,이아트,O,중
2026-06-09,12:00,[동국제약] 마데카 크림 시즌6 세트,뷰티,박디자인,O,상
2026-06-09,13:00,[스위스밀리터리] 28인치 캐리어,리빙,최그래픽,O,중
2026-06-09,14:00,[캐리어] 벽걸이 에어컨 인버터,가전,김미디어,O,하
2026-06-09,15:00,[뱅뱅] 데님 팬츠 3종 패키지,패션,이아트,O,상
2026-06-09,16:00,[나주배] 고당도 프리미엄 배 세트,식품,박디자인,O,하
2026-06-09,17:00,[프롬바이오] 관절연골엔 보스웰리아,건강기능식품,최그래픽,O,중
2026-06-09,18:00,[라네즈] 네오쿠션 본품+리필 세트,뷰티,김미디어,O,상
2026-06-09,19:00,[시몬스] 뷰티레스트 매트리스 토퍼,리빙,이아트,O,중
2026-06-09,20:00,[아이로봇] 로봇청소기 룸바,가전,박디자인,O,하
2026-06-09,21:00,[원플원] 풍기인견 여성 이지웨어,패션,최그래픽,O,상
2026-06-09,22:00,[산지직송] 제주 하우스 감귤 세트,식품,김미디어,O,하
2026-06-09,23:00,[정관장] 홍삼정 에브리타임 밸런스,건강기능식품,이아트,O,중
2026-06-09,00:00,[다이슨] 에어랩 멀티 스타일러,뷰티,박디자인,O,상
2026-06-09,01:00,[까사미아] 패브릭 소파 4인용,리빙,최그래픽,O,중
2026-06-09,02:00,[LG] 오브제컬렉션 워시타워,가전,김미디어,O,하
2026-06-09,03:00,[크리스티안] 이태리 천연가죽 로퍼,패션,이아트,O,상
2026-06-10,06:00,[풀무원] 바른먹거리 생생 국수 세트,식품,박디자인,O,하
2026-06-10,07:00,[종근당] 락토핏 골드 6통 세트,건강기능식품,최그래픽,O,중
2026-06-10,08:00,[조성아] 대용량 기미 크림 세트,뷰티,김미디어,O,상
2026-06-10,09:00,[보루네오] 유로탑 멀티 수납 침대,리빙,이아트,O,중
2026-06-10,10:00,[쿠쿠] 트윈프레셔 6인용 압력밥솥,가전,박디자인,O,하
2026-06-10,11:00,[단독] 프리미엄 린넨 원피스 3종,패션,최그래픽,O,상
2026-06-10,12:00,[국내산] 영광 법성포 굴비 세트,식품,김미디어,O,하
2026-06-10,13:00,[여에스더] 글루타치온 필름 4박스,건강기능식품,이아트,O,중
2026-06-10,14:00,[헤드스파] 트리트먼트 단독 패키지,뷰티,박디자인,O,상
2026-06-10,15:00,[테팔] 매직핸즈 인덕션 프라이팬 6p,리빙,최그래픽,O,중
2026-06-10,16:00,[에브리봇] 쓰리 spin 로봇청소기,가전,김미디어,O,하
2026-06-10,17:00,[에스콰이아] 올인원 메모리폼 스니커즈,패션,이아트,O,상
2026-06-10,18:00,[비비고] 왕교자+볶음밥 실속 세트,식품,박디자인,O,하
2026-06-10,19:00,[고려은단] 비타민C 1000 300정,건강기능식품,최그래픽,O,중
2026-06-10,20:00,[가히] 멀티밤 링크업 더블 세트,뷰티,김미디어,O,상
2026-06-10,21:00,[한샘] 샘책장 5단 인테리어 세트,리빙,이아트,O,중
2026-06-10,22:00,[삼성] 비스포크 무풍 에어컨 2026,가전,박디자인,O,하
2026-06-10,23:00,[심야특가] 남성 쿨에어 드로즈 5종,패션,최그래픽,O,상
2026-06-10,00:00,[안동한우] 1등급 정육 세트 2kg,식품,김미디어,O,하
2026-06-10,01:00,[정관장] 화애락 진 30포,건강기능식품,이아트,O,중
2026-06-10,02:00,[AHC] 아이크림 시즌12 트리플 세트,뷰티,박디자인,O,상
2026-06-10,03:00,[해피콜] 다이아몬드 프라이팬 세트,리빙,최그래픽,O,중
2026-06-11,06:00,[위NIA] 딤채 스탠드형 김치냉장고,가전,김미디어,O,하
2026-06-11,07:00,[헤드] 에어로 드라이 남녀 트랙수트,패션,이아트,O,상
2026-06-11,08:00,[목우촌] 수제 햄 명절 선물세트,식품,박디자인,O,하
2026-06-11,09:00,[센트룸] 멀티 비타민 포 맨/우먼,건강기능식품,최그래픽,O,중
2026-06-11,10:00,[설화수] 자음 2인 기초 세트,뷰티,김미디어,O,상
2026-06-11,11:00,[파크론] 고밀도 PVC 주방매트 2+1,리빙,이아트,O,중
2026-06-11,12:00,[신일] 에어 서큘레이터 스탠드형,가전,박디자인,O,하
2026-06-11,13:00,[지오지아] 쿨 비즈니스 셔츠 3매,패션,최그래픽,O,상
2026-06-11,14:00,[하림] 닭가슴살 캔 + 훈제 세트,식품,김미디어,O,하
2026-06-11,15:00,[뉴트리원] 루테인 지아잔틴 169,건강기능식품,이아트,O,중
2026-06-11,16:00,[동국제약] 마데카 크림 시즌6 세트,뷰티,박디자인,O,상
2026-06-11,17:00,[스위스밀리터리] 28인치 캐리어,리빙,최그래픽,O,중
2026-06-11,18:00,[캐리어] 벽걸이 에어컨 인버터,가전,김미디어,O,하
2026-06-11,19:00,[뱅뱅] 데님 팬츠 3종 패키지,패션,이아트,O,상
2026-06-11,20:00,[나주배] 고당도 프리미엄 배 세트,식품,박디자인,O,하
2026-06-11,21:00,[프롬바이오] 관절연골엔 보스웰리아,건강기능식품,최그래픽,O,중
2026-06-11,22:00,[라네즈] 네오쿠션 본품+리필 세트,뷰티,김미디어,O,상
2026-06-11,23:00,[시몬스] 뷰티레스트 매트리스 토퍼,리빙,이아트,O,중
2026-06-11,00:00,[아이로봇] 로봇청소기 룸바,가전,박디자인,O,하
2026-06-11,01:00,[원플원] 풍기인견 여성 이지웨어,패션,최그래픽,O,상
2026-06-11,02:00,[산지직송] 제주 하우스 감귤 세트,식품,김미디어,O,하
2026-06-11,03:00,[정관장] 홍삼정 에브리타임 밸런스,건강기능식품,이아트,O,중
2026-06-12,06:00,[다이슨] 에어랩 멀티 스타일러,뷰티,박디자인,O,상
2026-06-12,07:00,[까사미아] 패브릭 소파 4인용,리빙,최그래픽,O,중
2026-06-12,08:00,[LG] 오브제컬렉션 워시타워,가전,김미디어,O,하
2026-06-12,09:00,[크리스티안] 이태리 천연가죽 로퍼,패션,이아트,O,상
2026-06-12,10:00,[풀무원] 바른먹거리 생생 국수 세트,식품,박디자인,O,하
2026-06-12,11:00,[종근당] 락토핏 골드 6통 세트,건강기능식품,최그래픽,O,중
2026-06-12,12:00,[조성아] 대용량 기미 크림 세트,뷰티,김미디어,O,상
2026-06-12,13:00,[보루네오] 유로탑 멀티 수납 침대,리빙,이아트,O,중
2026-06-12,14:00,[쿠쿠] 트윈프레셔 6인용 압력밥솥,가전,박디자인,O,하
2026-06-12,15:00,[단독] 프리미엄 린넨 원피스 3종,패션,최그래픽,O,상
2026-06-12,16:00,[국내산] 영광 법성포 굴비 세트,식품,김미디어,O,하
2026-06-12,17:00,[여에스더] 글루타치온 필름 4박스,건강기능식품,이아트,O,중
2026-06-12,18:00,[헤드스파] 트리트먼트 단독 패키지,뷰티,박디자인,O,상
2026-06-12,19:00,[테팔] 매직핸즈 인덕션 프라이팬 6p,리빙,최그래픽,O,중
2026-06-12,20:00,[에브리봇] 쓰리 spin 로봇청소기,가전,김미디어,O,하
2026-06-12,21:00,[에스콰이아] 올인원 메모리폼 스니커즈,패션,이아트,O,상
2026-06-12,22:00,[비비고] 왕교자+볶음밥 실속 세트,식품,박디자인,O,하
2026-06-12,23:00,[고려은단] 비타민C 1000 300정,건강기능식품,최그래픽,O,중
2026-06-12,00:00,[가히] 멀티밤 링크업 더블 세트,뷰티,김미디어,O,상
2026-06-12,01:00,[한샘] 샘책장 5단 인테리어 세트,리빙,이아트,O,중
2026-06-12,02:00,[삼성] 비스포크 무풍 에어컨 2026,가전,박디자인,O,하
2026-06-12,03:00,[심야특가] 남성 쿨에어 드로즈 5종,패션,최그래픽,O,상
2026-06-13,06:00,[안동한우] 1등급 정육 세트 2kg,식품,김미디어,O,하
2026-06-13,07:00,[정관장] 화애락 진 30포,건강기능식품,이아트,O,중
2026-06-13,08:00,[AHC] 아이크림 시즌12 트리플 세트,뷰티,박디자인,O,상
2026-06-13,09:00,[해피콜] 다이아몬드 프라이팬 세트,리빙,최그래픽,O,중
2026-06-13,10:00,[위NIA] 딤채 스탠드형 김치냉장고,가전,김미디어,O,하
2026-06-13,11:00,[헤드] 에어로 드라이 남녀 트랙수트,패션,이아트,O,상
2026-06-13,12:00,[목우촌] 수제 햄 명절 선물세트,식품,박디자인,O,하
2026-06-13,13:00,[센트룸] 멀티 비타민 포 맨/우먼,건강기능식품,최그래픽,O,중
2026-06-13,14:00,[설화수] 자음 2인 기초 세트,뷰티,김미디어,O,상
2026-06-13,15:00,[파크론] 고밀도 PVC 주방매트 2+1,리빙,이아트,O,중
2026-06-13,16:00,[신일] 에어 서큘레이터 스탠드형,가전,박디자인,O,하
2026-06-13,17:00,[지오지아] 쿨 비즈니스 셔츠 3매,패션,최그래픽,O,상
2026-06-13,18:00,[하림] 닭가슴살 캔 + 훈제 세트,식품,김미디어,O,하
2026-06-13,19:00,[뉴트리원] 루테인 지아잔틴 169,건강기능식품,이아트,O,중
2026-06-13,20:00,[동국제약] 마데카 크림 시즌6 세트,뷰티,박디자인,O,상
2026-06-13,21:00,[스위스밀리터리] 28인치 캐리어,리빙,최그래픽,O,중
2026-06-13,22:00,[캐리어] 벽걸이 에어컨 인버터,가전,김미디어,O,하
2026-06-13,23:00,[뱅뱅] 데님 팬츠 3종 패키지,패션,이아트,O,상
2026-06-13,00:00,[나주배] 고당도 프리미엄 배 세트,식품,박디자인,O,하
2026-06-13,01:00,[프롬바이오] 관절연골엔 보스웰리아,건강기능식품,최그래픽,O,중
2026-06-13,02:00,[라네즈] 네오쿠션 본품+리필 세트,뷰티,김미디어,O,상
2026-06-13,03:00,[시몬스] 뷰티레스트 매트리스 토퍼,리빙,이아트,O,중
2026-06-14,06:00,[아이로봇] 로봇청소기 룸바,가전,박디자인,O,하
2026-06-14,07:00,[원플원] 풍기인견 여성 이지웨어,패션,최그래픽,O,상
2026-06-14,08:00,[산지직송] 제주 하우스 감귤 세트,식품,김미디어,O,하
2026-06-14,09:00,[정관장] 홍삼정 에브리타임 밸런스,건강기능식품,이아트,O,중
2026-06-14,10:00,[다이슨] 에어랩 멀티 스타일러,뷰티,박디자인,O,상
2026-06-14,11:00,[까사미아] 패브릭 소파 4인용,리빙,최그래픽,O,중
2026-06-14,12:00,[LG] 오브제컬렉션 워시타워,가전,김미디어,O,하
2026-06-14,13:00,[크리스티안] 이태리 천연가죽 로퍼,패션,이아트,O,상
2026-06-14,14:00,[풀무원] 바른먹거리 생생 국수 세트,식품,박디자인,O,하
2026-06-14,15:00,[종근당] 락토핏 골드 6통 세트,건강기능식품,최그래픽,O,중
2026-06-14,16:00,[조성아] 대용량 기미 크림 세트,뷰티,김미디어,O,상
2026-06-14,17:00,[보루네오] 유로탑 멀티 수납 침대,리빙,이아트,O,중
2026-06-14,18:00,[쿠쿠] 트윈프레셔 6인용 압력밥솥,가전,박디자인,O,하
2026-06-14,19:00,[단독] 프리미엄 린넨 원피스 3종,패션,최그래픽,O,상
2026-06-14,20:00,[국내산] 영광 법성포 굴비 세트,식품,김미디어,O,하
2026-06-14,21:00,[여에스더] 글루타치온 필름 4박스,건강기능식품,이아트,O,중
2026-06-14,22:00,[헤드스파] 트리트먼트 단독 패키지,뷰티,박디자인,O,상
2026-06-14,23:00,[테팔] 매직핸즈 인덕션 프라이팬 6p,리빙,최그래픽,O,중
2026-06-14,00:00,[에브리봇] 쓰리 spin 로봇청소기,가전,김미디어,O,하
2026-06-14,01:00,[에스콰이아] 올인원 메모리폼 스니커즈,패션,이아트,O,상
2026-06-14,02:00,[비비고] 왕교자+볶음밥 실속 세트,식품,박디자인,O,하
2026-06-14,03:00,[고려은단] 비타민C 1000 300정,건강기능식품,최그래픽,O,중
2026-06-15,06:00,[가히] 멀티밤 링크업 더블 세트,뷰티,김미디어,O,상
2026-06-15,07:00,[한샘] 샘책장 5단 인테리어 세트,리빙,이아트,O,중
2026-06-15,08:00,[삼성] 비스포크 무풍 에어컨 2026,가전,박디자인,O,하
2026-06-15,09:00,[심야특가] 남성 쿨에어 드로즈 5종,패션,최그래픽,O,상
2026-06-15,10:00,[안동한우] 1등급 정육 세트 2kg,식품,김미디어,O,하
2026-06-15,11:00,[정관장] 화애락 진 30포,건강기능식품,이아트,O,중
2026-06-15,12:00,[AHC] 아이크림 시즌12 트리플 세트,뷰티,박디자인,O,상
2026-06-15,13:00,[해피콜] 다이아몬드 프라이팬 세트,리빙,최그래픽,O,중
2026-06-15,14:00,[위NIA] 딤채 스탠드형 김치냉장고,가전,김미디어,O,하
2026-06-15,15:00,[헤드] 에어로 드라이 남녀 트랙수트,패션,이아트,O,상
2026-06-15,16:00,[목우촌] 수제 햄 명절 선물세트,식품,박디자인,O,하
2026-06-15,17:00,[센트룸] 멀티 비타민 포 맨/우먼,건강기능식품,최그래픽,O,중
2026-06-15,18:00,[설화수] 자음 2인 기초 세트,뷰티,김미디어,O,상
2026-06-15,19:00,[파크론] 고밀도 PVC 주방매트 2+1,리빙,이아트,O,중
2026-06-15,20:00,[신일] 에어 서큘레이터 스탠드형,가전,박디자인,O,하
2026-06-15,21:00,[지오지아] 쿨 비즈니스 셔츠 3매,패션,최그래픽,O,상
2026-06-15,22:00,[하림] 닭가슴살 캔 + 훈제 세트,식품,김미디어,O,하
2026-06-15,23:00,[뉴트리원] 루테인 지아잔틴 169,건강기능식품,이아트,O,중
2026-06-15,00:00,[동국제약] 마데카 크림 시즌6 세트,뷰티,박디자인,O,상
2026-06-15,01:00,[스위스밀리터리] 28인치 캐리어,리빙,최그래픽,O,중
2026-06-15,02:00,[캐리어] 벽걸이 에어컨 인버터,가전,김미디어,O,하
2026-06-15,03:00,[뱅뱅] 데님 팬츠 3종 패키지,패션,이아트,O,상
2026-06-16,06:00,[나주배] 고당도 프리미엄 배 세트,식품,박디자인,O,하
2026-06-16,07:00,[프롬바이오] 관절연골엔 보스웰리아,건강기능식품,최그래픽,O,중
2026-06-16,08:00,[라네즈] 네오쿠션 본품+리필 세트,뷰티,김미디어,O,상
2026-06-16,09:00,[시몬스] 뷰티레스트 매트리스 토퍼,리빙,이아트,O,중
2026-06-16,10:00,[아이로봇] 로봇청소기 룸바,가전,박디자인,O,하
2026-06-16,11:00,[원플원] 풍기인견 여성 이지웨어,패션,최그래픽,O,상
2026-06-16,12:00,[산지직송] 제주 하우스 감귤 세트,식품,김미디어,O,하
2026-06-16,13:00,[정관장] 홍삼정 에브리타임 밸런스,건강기능식품,이아트,O,중
2026-06-16,14:00,[다이슨] 에어랩 멀티 스타일러,뷰티,박디자인,O,상
2026-06-16,15:00,[까사미아] 패브릭 소파 4인용,리빙,최그래픽,O,중
2026-06-16,16:00,[LG] 오브제컬렉션 워시타워,가전,김미디어,O,하
2026-06-16,17:00,[크리스티안] 이태리 천연가죽 로퍼,패션,이아트,O,상
2026-06-16,18:00,[풀무원] 바른먹거리 생생 국수 세트,식품,박디자인,O,하
2026-06-16,19:00,[종근당] 락토핏 골드 6통 세트,건강기능식품,최그래픽,O,중
2026-06-16,20:00,[조성아] 대용량 기미 크림 세트,뷰티,김미디어,O,상
2026-06-16,21:00,[보루네오] 유로탑 멀티 수납 침대,리빙,이아트,O,중
2026-06-16,22:00,[쿠쿠] 트윈프레셔 6인용 압력밥솥,가전,박디자인,O,하
2026-06-16,23:00,[단독] 프리미엄 린넨 원피스 3종,패션,최그래픽,O,상
2026-06-16,00:00,[국내산] 영광 법성포 굴비 세트,식품,김미디어,O,하
2026-06-16,01:00,[여에스더] 글루타치온 필름 4박스,건강기능식품,이아트,O,중
2026-06-16,02:00,[헤드스파] 트리트먼트 단독 패키지,뷰티,박디자인,O,상
2026-06-16,03:00,[테팔] 매직핸즈 인덕션 프라이팬 6p,리빙,최그래픽,O,중
2026-06-17,06:00,[에브리봇] 쓰리 spin 로봇청소기,가전,김미디어,O,하
2026-06-17,07:00,[에스콰이아] 올인원 메모리폼 스니커즈,패션,이아트,O,상
2026-06-17,08:00,[비비고] 왕교자+볶음밥 실속 세트,식품,박디자인,O,하
2026-06-17,09:00,[고려은단] 비타민C 1000 300정,건강기능식품,최그래픽,O,중
2026-06-17,10:00,[가히] 멀티밤 링크업 더블 세트,뷰티,김미디어,O,상
2026-06-17,11:00,[한샘] 샘책장 5단 인테리어 세트,리빙,이아트,O,중
2026-06-17,12:00,[삼성] 비스포크 무풍 에어컨 2026,가전,박디자인,O,하
2026-06-17,13:00,[심야특가] 남성 쿨에어 드로즈 5종,패션,최그래픽,O,상
2026-06-17,14:00,[안동한우] 1등급 정육 세트 2kg,식품,김미디어,O,하
2026-06-17,15:00,[정관장] 화애락 진 30포,건강기능식품,이아트,O,중
2026-06-17,16:00,[AHC] 아이크림 시즌12 트리플 세트,뷰티,박디자인,O,상
2026-06-17,17:00,[해피콜] 다이아몬드 프라이팬 세트,리빙,최그래픽,O,중
2026-06-17,18:00,[위NIA] 딤채 스탠드형 김치냉장고,가전,김미디어,O,하
2026-06-17,19:00,[헤드] 에어로 드라이 남녀 트랙수트,패션,이아트,O,상
2026-06-17,20:00,[목우촌] 수제 햄 명절 선물세트,식품,박디자인,O,하
2026-06-17,21:00,[센트룸] 멀티 비타민 포 맨/우먼,건강기능식품,최그래픽,O,중
2026-06-17,22:00,[설화수] 자음 2인 기초 세트,뷰티,김미디어,O,상
2026-06-17,23:00,[파크론] 고밀도 PVC 주방매트 2+1,리빙,이아트,O,중
2026-06-17,00:00,[신일] 에어 서큘레이터 스탠드형,가전,박디자인,O,하
2026-06-17,01:00,[지오지아] 쿨 비즈니스 셔츠 3매,패션,최그래픽,O,상
2026-06-17,02:00,[하림] 닭가슴살 캔 + 훈제 세트,식품,김미디어,O,하
2026-06-17,03:00,[뉴트리원] 루테인 지아잔틴 169,건강기능식품,이아트,O,중
2026-06-18,06:00,[동국제약] 마데카 크림 시즌6 세트,뷰티,박디자인,O,상
2026-06-18,07:00,[스위스밀리터리] 28인치 캐리어,리빙,최그래픽,O,중
2026-06-18,08:00,[캐리어] 벽걸이 에어컨 인버터,가전,김미디어,O,하
2026-06-18,09:00,[뱅뱅] 데님 팬츠 3종 패키지,패션,이아트,O,상
2026-06-18,10:00,[나주배] 고당도 프리미엄 배 세트,식품,박디자인,O,하
2026-06-18,11:00,[프롬바이오] 관절연골엔 보스웰리아,건강기능식품,최그래픽,O,중
2026-06-18,12:00,[라네즈] 네오쿠션 본품+리필 세트,뷰티,김미디어,O,상
2026-06-18,13:00,[시몬스] 뷰티레스트 매트리스 토퍼,리빙,이아트,O,중
2026-06-18,14:00,[아이로봇] 로봇청소기 룸바,가전,박디자인,O,하
2026-06-18,15:00,[원플원] 풍기인견 여성 이지웨어,패션,최그래픽,O,상
2026-06-18,16:00,[산지직송] 제주 하우스 감귤 세트,식품,김미디어,O,하
2026-06-18,17:00,[정관장] 홍삼정 에브리타임 밸런스,건강기능식품,이아트,O,중
2026-06-18,18:00,[다이슨] 에어랩 멀티 스타일러,뷰티,박디자인,O,상
2026-06-18,19:00,[까사미아] 패브릭 소파 4인용,리빙,최그래픽,O,중
2026-06-18,20:00,[LG] 오브제컬렉션 워시타워,가전,김미디어,O,하
2026-06-18,21:00,[크리스티안] 이태리 천연가죽 로퍼,패션,이아트,O,상
2026-06-18,22:00,[풀무원] 바른먹거리 생생 국수 세트,식품,박디자인,O,하
2026-06-18,23:00,[종근당] 락토핏 골드 6통 세트,건강기능식품,최그래픽,O,중
2026-06-18,00:00,[조성아] 대용량 기미 크림 세트,뷰티,김미디어,O,상
2026-06-18,01:00,[보루네오] 유로탑 멀티 수납 침대,리빙,이아트,O,중
2026-06-18,02:00,[쿠쿠] 트윈프레셔 6인용 압력밥솥,가전,박디자인,O,하
2026-06-18,03:00,[단독] 프리미엄 린넨 원피스 3종,패션,최그래픽,O,상
2026-06-19,06:00,[국내산] 영광 법성포 굴비 세트,식품,김미디어,O,하
2026-06-19,07:00,[여에스더] 글루타치온 필름 4박스,건강기능식품,이아트,O,중
2026-06-19,08:00,[헤드스파] 트리트먼트 단독 패키지,뷰티,박디자인,O,상
2026-06-19,09:00,[테팔] 매직핸즈 인덕션 프라이팬 6p,리빙,최그래픽,O,중
2026-06-19,10:00,[에브리봇] 쓰리 spin 로봇청소기,가전,김미디어,O,하
2026-06-19,11:00,[에스콰이아] 올인원 메모리폼 스니커즈,패션,이아트,O,상
2026-06-19,12:00,[비비고] 왕교자+볶음밥 실속 세트,식품,박디자인,O,하
2026-06-19,13:00,[고려은단] 비타민C 1000 300정,건강기능식품,최그래픽,O,중
2026-06-19,14:00,[가히] 멀티밤 링크업 더블 세트,뷰티,김미디어,O,상
2026-06-19,15:00,[한샘] 샘책장 5단 인테리어 세트,리빙,이아트,O,중
2026-06-19,16:00,[삼성] 비스포크 무풍 에어컨 2026,가전,박디자인,O,하
2026-06-19,17:00,[심야특가] 남성 쿨에어 드로즈 5종,패션,최그래픽,O,상
2026-06-19,18:00,[안동한우] 1등급 정육 세트 2kg,식품,김미디어,O,하
2026-06-19,19:00,[정관장] 화애락 진 30포,건강기능식품,이아트,O,중
2026-06-19,20:00,[AHC] 아이크림 시즌12 트리플 세트,뷰티,박디자인,O,상
2026-06-19,21:00,[해피콜] 다이아몬드 프라이팬 세트,리빙,최그래픽,O,중
2026-06-19,22:00,[위NIA] 딤채 스탠드형 김치냉장고,가전,김미디어,O,하
2026-06-19,23:00,[헤드] 에어로 드라이 남녀 트랙수트,패션,이아트,O,상
2026-06-19,00:00,[목우촌] 수제 햄 명절 선물세트,식품,박디자인,O,하
2026-06-19,01:00,[센트룸] 멀티 비타민 포 맨/우먼,건강기능식품,최그래픽,O,중
2026-06-19,02:00,[설화수] 자음 2인 기초 세트,뷰티,김미디어,O,상
2026-06-19,03:00,[파크론] 고밀도 PVC 주방매트 2+1,리빙,이아트,O,중
2026-06-20,06:00,[신일] 에어 서큘레이터 스탠드형,가전,박디자인,O,하
2026-06-20,07:00,[지오지아] 쿨 비즈니스 셔츠 3매,패션,최그래픽,O,상
2026-06-20,08:00,[하림] 닭가슴살 캔 + 훈제 세트,식품,김미디어,O,하
2026-06-20,09:00,[뉴트리원] 루테인 지아잔틴 169,건강기능식품,이아트,O,중
2026-06-20,10:00,[동국제약] 마데카 크림 시즌6 세트,뷰티,박디자인,O,상
2026-06-20,11:00,[스위스밀리터리] 28인치 캐리어,리빙,최그래픽,O,중
2026-06-20,12:00,[캐리어] 벽걸이 에어컨 인버터,가전,김미디어,O,하
2026-06-20,13:00,[뱅뱅] 데님 팬츠 3종 패키지,패션,이아트,O,상
2026-06-20,14:00,[나주배] 고당도 프리미엄 배 세트,식품,박디자인,O,하
2026-06-20,15:00,[프롬바이오] 관절연골엔 보스웰리아,건강기능식품,최그래픽,O,중
2026-06-20,16:00,[라네즈] 네오쿠션 본품+리필 세트,뷰티,김미디어,O,상
2026-06-20,17:00,[시몬스] 뷰티레스트 매트리스 토퍼,리빙,이아트,O,중
2026-06-20,18:00,[아이로봇] 로봇청소기 룸바,가전,박디자인,O,하
2026-06-20,19:00,[원플원] 풍기인견 여성 이지웨어,패션,최그래픽,O,상
2026-06-20,20:00,[산지직송] 제주 하우스 감귤 세트,식품,김미디어,O,하
2026-06-20,21:00,[정관장] 홍삼정 에브리타임 밸런스,건강기능식품,이아트,O,중
2026-06-20,22:00,[다이슨] 에어랩 멀티 스타일러,뷰티,박디자인,O,상
2026-06-20,23:00,[까사미아] 패브릭 소파 4인용,리빙,최그래픽,O,중
2026-06-20,00:00,[LG] 오브제컬렉션 워시타워,가전,김미디어,O,하
2026-06-20,01:00,[크리스티안] 이태리 천연가죽 로퍼,패션,이아트,O,상
2026-06-20,02:00,[풀무원] 바른먹거리 생생 국수 세트,식품,박디자인,O,하
2026-06-20,03:00,[종근당] 락토핏 골드 6통 세트,건강기능식품,최그래픽,O,중
2026-06-21,06:00,[조성아] 대용량 기미 크림 세트,뷰티,김미디어,O,상
2026-06-21,07:00,[보루네오] 유로탑 멀티 수납 침대,리빙,이아트,O,중
2026-06-21,08:00,[쿠쿠] 트윈프레셔 6인용 압력밥솥,가전,박디자인,O,하
2026-06-21,09:00,[단독] 프리미엄 린넨 원피스 3종,패션,최그래픽,O,상
2026-06-21,10:00,[국내산] 영광 법성포 굴비 세트,식품,김미디어,O,하
2026-06-21,11:00,[여에스더] 글루타치온 필름 4박스,건강기능식품,이아트,O,중
2026-06-21,12:00,[헤드스파] 트리트먼트 단독 패키지,뷰티,박디자인,O,상
2026-06-21,13:00,[테팔] 매직핸즈 인덕션 프라이팬 6p,리빙,최그래픽,O,중
2026-06-21,14:00,[에브리봇] 쓰리 spin 로봇청소기,가전,김미디어,O,하
2026-06-21,15:00,[에스콰이아] 올인원 메모리폼 스니커즈,패션,이아트,O,상
2026-06-21,16:00,[비비고] 왕교자+볶음밥 실속 세트,식품,박디자인,O,하
2026-06-21,17:00,[고려은단] 비타민C 1000 300정,건강기능식품,최그래픽,O,중
2026-06-21,18:00,[가히] 멀티밤 링크업 더블 세트,뷰티,김미디어,O,상
2026-06-21,19:00,[한샘] 샘책장 5단 인테리어 세트,리빙,이아트,O,중
2026-06-21,20:00,[삼성] 비스포크 무풍 에어컨 2026,가전,박디자인,O,하
2026-06-21,21:00,[심야특가] 남성 쿨에어 드로즈 5종,패션,최그래픽,O,상
2026-06-21,22:00,[안동한우] 1등급 정육 세트 2kg,식품,김미디어,O,하
2026-06-21,23:00,[정관장] 화애락 진 30포,건강기능식품,이아트,O,중
2026-06-21,00:00,[AHC] 아이크림 시즌12 트리플 세트,뷰티,박디자인,O,상
2026-06-21,01:00,[해피콜] 다이아몬드 프라이팬 세트,리빙,최그래픽,O,중
2026-06-21,02:00,[위NIA] 딤채 스탠드형 김치냉장고,가전,김미디어,O,하
2026-06-21,03:00,[헤드] 에어로 드라이 남녀 트랙수트,패션,이아트,O,상
2026-06-22,06:00,[목우촌] 수제 햄 명절 선물세트,식품,박디자인,O,하
2026-06-22,07:00,[센트룸] 멀티 비타민 포 맨/우먼,건강기능식품,최그래픽,O,중
2026-06-22,08:00,[설화수] 자음 2인 기초 세트,뷰티,김미디어,O,상
2026-06-22,09:00,[파크론] 고밀도 PVC 주방매트 2+1,리빙,이아트,O,중
2026-06-22,10:00,[신일] 에어 서큘레이터 스탠드형,가전,박디자인,O,하
2026-06-22,11:00,[지오지아] 쿨 비즈니스 셔츠 3매,패션,최그래픽,O,상
2026-06-22,12:00,[하림] 닭가슴살 캔 + 훈제 세트,식품,김미디어,O,하
2026-06-22,13:00,[뉴트리원] 루테인 지아잔틴 169,건강기능식품,이아트,O,중
2026-06-22,14:00,[동국제약] 마데카 크림 시즌6 세트,뷰티,박디자인,O,상
2026-06-22,15:00,[스위스밀리터리] 28인치 캐리어,리빙,최그래픽,O,중
2026-06-22,16:00,[캐리어] 벽걸이 에어컨 인버터,가전,김미디어,O,하
2026-06-22,17:00,[뱅뱅] 데님 팬츠 3종 패키지,패션,이아트,O,상
2026-06-22,18:00,[나주배] 고당도 프리미엄 배 세트,식품,박디자인,O,하
2026-06-22,19:00,[프롬바이오] 관절연골엔 보스웰리아,건강기능식품,최그래픽,O,중
2026-06-22,20:00,[라네즈] 네오쿠션 본품+리필 세트,뷰티,김미디어,O,상
2026-06-22,21:00,[시몬스] 뷰티레스트 매트리스 토퍼,리빙,이아트,O,중
2026-06-22,22:00,[아이로봇] 로봇청소기 룸바,가전,박디자인,O,하
2026-06-22,23:00,[원플원] 풍기인견 여성 이지웨어,패션,최그래픽,O,상
2026-06-22,00:00,[산지직송] 제주 하우스 감귤 세트,식품,김미디어,O,하
2026-06-22,01:00,[정관장] 홍삼정 에브리타임 밸런스,건강기능식품,이아트,O,중
2026-06-22,02:00,[다이슨] 에어랩 멀티 스타일러,뷰티,박디자인,O,상
2026-06-22,03:00,[까사미아] 패브릭 소파 4인용,리빙,최그래픽,O,중
2026-06-23,06:00,[LG] 오브제컬렉션 워시타워,가전,김미디어,O,하
2026-06-23,07:00,[크리스티안] 이태리 천연가죽 로퍼,패션,이아트,O,상
2026-06-23,08:00,[풀무원] 바른먹거리 생생 국수 세트,식품,박디자인,O,하
2026-06-23,09:00,[종근당] 락토핏 골드 6통 세트,건강기능식품,최그래픽,O,중
2026-06-23,10:00,[조성아] 대용량 기미 크림 세트,뷰티,김미디어,O,상
2026-06-23,11:00,[보루네오] 유로탑 멀티 수납 침대,리빙,이아트,O,중
2026-06-23,12:00,[쿠쿠] 트윈프레셔 6인용 압력밥솥,가전,박디자인,O,하
2026-06-23,13:00,[단독] 프리미엄 린넨 원피스 3종,패션,최그래픽,O,상
2026-06-23,14:00,[국내산] 영광 법성포 굴비 세트,식품,김미디어,O,하
2026-06-23,15:00,[여에스더] 글루타치온 필름 4박스,건강기능식품,이아트,O,중
2026-06-23,16:00,[헤드스파] 트리트먼트 단독 패키지,뷰티,박디자인,O,상
2026-06-23,17:00,[테팔] 매직핸즈 인덕션 프라이팬 6p,리빙,최그래픽,O,중
2026-06-23,18:00,[에브리봇] 쓰리 spin 로봇청소기,가전,김미디어,O,하
2026-06-23,19:00,[에스콰이아] 올인원 메모리폼 스니커즈,패션,이아트,O,상
2026-06-23,20:00,[비비고] 왕교자+볶음밥 실속 세트,식품,박디자인,O,하
2026-06-23,21:00,[고려은단] 비타민C 1000 300정,건강기능식품,최그래픽,O,중
2026-06-23,22:00,[가히] 멀티밤 링크업 더블 세트,뷰티,김미디어,O,상
2026-06-23,23:00,[한샘] 샘책장 5단 인테리어 세트,리빙,이아트,O,중
2026-06-23,00:00,[삼성] 비스포크 무풍 에어컨 2026,가전,박디자인,O,하
2026-06-23,01:00,[심야특가] 남성 쿨에어 드로즈 5종,패션,최그래픽,O,상
2026-06-23,02:00,[안동한우] 1등급 정육 세트 2kg,식품,김미디어,O,하
2026-06-23,03:00,[정관장] 화애락 진 30포,건강기능식품,이아트,O,중
2026-06-24,06:00,[AHC] 아이크림 시즌12 트리플 세트,뷰티,박디자인,O,상
2026-06-24,07:00,[해피콜] 다이아몬드 프라이팬 세트,리빙,최그래픽,O,중
2026-06-24,08:00,[위NIA] 딤채 스탠드형 김치냉장고,가전,김미디어,O,하
2026-06-24,09:00,[헤드] 에어로 드라이 남녀 트랙수트,패션,이아트,O,상
2026-06-24,10:00,[목우촌] 수제 햄 명절 선물세트,식품,박디자인,O,하
2026-06-24,11:00,[센트룸] 멀티 비타민 포 맨/우먼,건강기능식품,최그래픽,O,중
2026-06-24,12:00,[설화수] 자음 2인 기초 세트,뷰티,김미디어,O,상
2026-06-24,13:00,[파크론] 고밀도 PVC 주방매트 2+1,리빙,이아트,O,중
2026-06-24,14:00,[신일] 에어 서큘레이터 스탠드형,가전,박디자인,O,하
2026-06-24,15:00,[지오지아] 쿨 비즈니스 셔츠 3매,패션,최그래픽,O,상
2026-06-24,16:00,[하림] 닭가슴살 캔 + 훈제 세트,식품,김미디어,O,하
2026-06-24,17:00,[뉴트리원] 루테인 지아잔틴 169,건강기능식품,이아트,O,중
2026-06-24,18:00,[동국제약] 마데카 크림 시즌6 세트,뷰티,박디자인,O,상
2026-06-24,19:00,[스위스밀리터리] 28인치 캐리어,리빙,최그래픽,O,중
2026-06-24,20:00,[캐리어] 벽걸이 에어컨 인버터,가전,김미디어,O,하
2026-06-24,21:00,[뱅뱅] 데님 팬츠 3종 패키지,패션,이아트,O,상
2026-06-24,22:00,[나주배] 고당도 프리미엄 배 세트,식품,박디자인,O,하
2026-06-24,23:00,[프롬바이오] 관절연골엔 보스웰리아,건강기능식품,최그래픽,O,중
2026-06-24,00:00,[라네즈] 네오쿠션 본품+리필 세트,뷰티,김미디어,O,상
2026-06-24,01:00,[시몬스] 뷰티레스트 매트리스 토퍼,리빙,이아트,O,중
2026-06-24,02:00,[아이로봇] 로봇청소기 룸바,가전,박디자인,O,하
2026-06-24,03:00,[원플원] 풍기인견 여성 이지웨어,패션,최그래픽,O,상
2026-06-25,06:00,[산지직송] 제주 하우스 감귤 세트,식품,김미디어,O,하
2026-06-25,07:00,[정관장] 홍삼정 에브리타임 밸런스,건강기능식품,이아트,O,중
2026-06-25,08:00,[다이슨] 에어랩 멀티 스타일러,뷰티,박디자인,O,상
2026-06-25,09:00,[까사미아] 패브릭 소파 4인용,리빙,최그래픽,O,중
2026-06-25,10:00,[LG] 오브제컬렉션 워시타워,가전,김미디어,O,하
2026-06-25,11:00,[크리스티안] 이태리 천연가죽 로퍼,패션,이아트,O,상
2026-06-25,12:00,[풀무원] 바른먹거리 생생 국수 세트,식품,박디자인,O,하
2026-06-25,13:00,[종근당] 락토핏 골드 6통 세트,건강기능식품,최그래픽,O,중
2026-06-25,14:00,[조성아] 대용량 기미 크림 세트,뷰티,김미디어,O,상
2026-06-25,15:00,[보루네오] 유로탑 멀티 수납 침대,리빙,이아트,O,중
2026-06-25,16:00,[쿠쿠] 트윈프레셔 6인용 압력밥솥,가전,박디자인,O,하
2026-06-25,17:00,[단독] 프리미엄 린넨 원피스 3종,패션,최그래픽,O,상
2026-06-25,18:00,[국내산] 영광 법성포 굴비 세트,식품,김미디어,O,하
2026-06-25,19:00,[여에스더] 글루타치온 필름 4박스,건강기능식품,이아트,O,중
2026-06-25,20:00,[헤드스파] 트리트먼트 단독 패키지,뷰티,박디자인,O,상
2026-06-25,21:00,[테팔] 매직핸즈 인덕션 프라이팬 6p,리빙,최그래픽,O,중
2026-06-25,22:00,[에브리봇] 쓰리 spin 로봇청소기,가전,김미디어,O,하
2026-06-25,23:00,[에스콰이아] 올인원 메모리폼 스니커즈,패션,이아트,O,상
2026-06-25,00:00,[비비고] 왕교자+볶음밥 실속 세트,식품,박디자인,O,하
2026-06-25,01:00,[고려은단] 비타민C 1000 300정,건강기능식품,최그래픽,O,중
2026-06-25,02:00,[가히] 멀티밤 링크업 더블 세트,뷰티,김미디어,O,상
2026-06-25,03:00,[한샘] 샘책장 5단 인테리어 세트,리빙,이아트,O,중
2026-06-26,06:00,[삼성] 비스포크 무풍 에어컨 2026,가전,박디자인,O,하
2026-06-26,07:00,[심야특가] 남성 쿨에어 드로즈 5종,패션,최그래픽,O,상
2026-06-26,08:00,[안동한우] 1등급 정육 세트 2kg,식품,김미디어,O,하
2026-06-26,09:00,[정관장] 화애락 진 30포,건강기능식품,이아트,O,중
2026-06-26,10:00,[AHC] 아이크림 시즌12 트리플 세트,뷰티,박디자인,O,상
2026-06-26,11:00,[해피콜] 다이아몬드 프라이팬 세트,리빙,최그래픽,O,중
2026-06-26,12:00,[위NIA] 딤채 스탠드형 김치냉장고,가전,김미디어,O,하
2026-06-26,13:00,[헤드] 에어로 드라이 남녀 트랙수트,패션,이아트,O,상
2026-06-26,14:00,[목우촌] 수제 햄 명절 선물세트,식품,박디자인,O,하
2026-06-26,15:00,[센트룸] 멀티 비타민 포 맨/우먼,건강기능식품,최그래픽,O,중
2026-06-26,16:00,[설화수] 자음 2인 기초 세트,뷰티,김미디어,O,상
2026-06-26,17:00,[파크론] 고밀도 PVC 주방매트 2+1,리빙,이아트,O,중
2026-06-26,18:00,[신일] 에어 서큘레이터 스탠드형,가전,박디자인,O,하
2026-06-26,19:00,[지오지아] 쿨 비즈니스 셔츠 3매,패션,최그래픽,O,상
2026-06-26,20:00,[하림] 닭가슴살 캔 + 훈제 세트,식품,김미디어,O,하
2026-06-26,21:00,[뉴트리원] 루테인 지아잔틴 169,건강기능식품,이아트,O,중
2026-06-26,22:00,[동국제약] 마데카 크림 시즌6 세트,뷰티,박디자인,O,상
2026-06-26,23:00,[스위스밀리터리] 28인치 캐리어,리빙,최그래픽,O,중
2026-06-26,00:00,[캐리어] 벽걸이 에어컨 인버터,가전,김미디어,O,하
2026-06-26,01:00,[뱅뱅] 데님 팬츠 3종 패키지,패션,이아트,O,상
2026-06-26,02:00,[나주배] 고당도 프리미엄 배 세트,식품,박디자인,O,하
2026-06-26,03:00,[프롬바이오] 관절연골엔 보스웰리아,건강기능식품,최그래픽,O,중
2026-06-27,06:00,[라네즈] 네오쿠션 본품+리필 세트,뷰티,김미디어,O,상
2026-06-27,07:00,[시몬스] 뷰티레스트 매트리스 토퍼,리빙,이아트,O,중
2026-06-27,08:00,[아이로봇] 로봇청소기 룸바,가전,박디자인,O,하
2026-06-27,09:00,[원플원] 풍기인견 여성 이지웨어,패션,최그래픽,O,상
2026-06-27,10:00,[산지직송] 제주 하우스 감귤 세트,식품,김미디어,O,하
2026-06-27,11:00,[정관장] 홍삼정 에브리타임 밸런스,건강기능식품,이아트,O,중
2026-06-27,12:00,[다이슨] 에어랩 멀티 스타일러,뷰티,박디자인,O,상
2026-06-27,13:00,[까사미아] 패브릭 소파 4인용,리빙,최그래픽,O,중
2026-06-27,14:00,[LG] 오브제컬렉션 워시타워,가전,김미디어,O,하
2026-06-27,15:00,[크리스티안] 이태리 천연가죽 로퍼,패션,이아트,O,상
2026-06-27,16:00,[풀무원] 바른먹거리 생생 국수 세트,식품,박디자인,O,하
2026-06-27,17:00,[종근당] 락토핏 골드 6통 세트,건강기능식품,최그래픽,O,중
2026-06-27,18:00,[조성아] 대용량 기미 크림 세트,뷰티,김미디어,O,상
2026-06-27,19:00,[보루네오] 유로탑 멀티 수납 침대,리빙,이아트,O,중
2026-06-27,20:00,[쿠쿠] 트윈프레셔 6인용 압력밥솥,가전,박디자인,O,하
2026-06-27,21:00,[단독] 프리미엄 린넨 원피스 3종,패션,최그래픽,O,상
2026-06-27,22:00,[국내산] 영광 법성포 굴비 세트,식품,김미디어,O,하
2026-06-27,23:00,[여에스더] 글루타치온 필름 4박스,건강기능식품,이아트,O,중
2026-06-27,00:00,[헤드스파] 트리트먼트 단독 패키지,뷰티,박디자인,O,상
2026-06-27,01:00,[테팔] 매직핸즈 인덕션 프라이팬 6p,리빙,최그래픽,O,중
2026-06-27,02:00,[에브리봇] 쓰리 spin 로봇청소기,가전,김미디어,O,하
2026-06-27,03:00,[에스콰이아] 올인원 메모리폼 스니커즈,패션,이아트,O,상
2026-06-28,06:00,[비비고] 왕교자+볶음밥 실속 세트,식품,박디자인,O,하
2026-06-28,07:00,[고려은단] 비타민C 1000 300정,건강기능식품,최그래픽,O,중
2026-06-28,08:00,[가히] 멀티밤 링크업 더블 세트,뷰티,김미디어,O,상
2026-06-28,09:00,[한샘] 샘책장 5단 인테리어 세트,리빙,이아트,O,중
2026-06-28,10:00,[삼성] 비스포크 무풍 에어컨 2026,가전,박디자인,O,하
2026-06-28,11:00,[심야특가] 남성 쿨에어 드로즈 5종,패션,최그래픽,O,상
2026-06-28,12:00,[안동한우] 1등급 정육 세트 2kg,식품,김미디어,O,하
2026-06-28,13:00,[정관장] 화애락 진 30포,건강기능식품,이아트,O,중
2026-06-28,14:00,[AHC] 아이크림 시즌12 트리플 세트,뷰티,박디자인,O,상
2026-06-28,15:00,[해피콜] 다이아몬드 프라이팬 세트,리빙,최그래픽,O,중
2026-06-28,16:00,[위NIA] 딤채 스탠드형 김치냉장고,가전,김미디어,O,하
2026-06-28,17:00,[헤드] 에어로 드라이 남녀 트랙수트,패션,이아트,O,상
2026-06-28,18:00,[목우촌] 수제 햄 명절 선물세트,식품,박디자인,O,하
2026-06-28,19:00,[센트룸] 멀티 비타민 포 맨/우먼,건강기능식품,최그래픽,O,중
2026-06-28,20:00,[설화수] 자음 2인 기초 세트,뷰티,김미디어,O,상
2026-06-28,21:00,[파크론] 고밀도 PVC 주방매트 2+1,리빙,이아트,O,중
2026-06-28,22:00,[신일] 에어 서큘레이터 스탠드형,가전,박디자인,O,하
2026-06-28,23:00,[지오지아] 쿨 비즈니스 셔츠 3매,패션,최그래픽,O,상
2026-06-28,00:00,[하림] 닭가슴살 캔 + 훈제 세트,식품,김미디어,O,하
2026-06-28,01:00,[뉴트리원] 루테인 지아잔틴 169,건강기능식품,이아트,O,중
2026-06-28,02:00,[동국제약] 마데카 크림 시즌6 세트,뷰티,박디자인,O,상
2026-06-28,03:00,[스위스밀리터리] 28인치 캐리어,리빙,최그래픽,O,중
